<?xml version="1.0" encoding="UTF-8"?>
<project-private xmlns="http://www.netbeans.org/ns/project-private/1">
    <editor-bookmarks xmlns="http://www.netbeans.org/ns/editor-bookmarks/2" lastBookmarkId="0"/>
    <open-files xmlns="http://www.netbeans.org/ns/projectui-open-files/2">
        <group>
            <file>file:/C:/Users/Win10/Documents/NetBeansProjects/HealthFitnessCalculator/src/java/fitness/FitnessServer.java</file>
            <file>file:/C:/Users/Win10/Documents/NetBeansProjects/HealthFitnessCalculator/src/java/com/Fitness/FitnessServer.java</file>
            <file>file:/C:/Users/Win10/Documents/NetBeansProjects/HealthFitnessCalculator/src/java/com/Fitness/FitnessServer_Service.java</file>
            <file>file:/C:/Users/Win10/Documents/NetBeansProjects/HealthFitnessCalculator/web/index.html</file>
            <file>file:/C:/Users/Win10/Documents/NetBeansProjects/HealthFitnessCalculator/src/java/com/Fit/Client.java</file>
        </group>
    </open-files>
</project-private>
